sold_date,item_number
,
2024-06-26,166795476956.0
2024-05-19,285591524417.0
2024-07-09,166860256215.0
2024-06-03,364251158096.0
2024-06-22,204214286163.0
2024-07-05,135132782224.0
2024-06-27,134693193045.0
2024-05-16,185902293129.0
,
2024-01-25,145512766427.0
2024-07-04,196356966756.0
2024-06-03,256406741403.0
2024-06-03,266779903420.0
2024-06-01,204809953967.0
2024-07-09,135086208642.0
2024-05-18,395277928870.0
2024-07-31,315473035835.0
2024-05-12,326120902089.0
2024-06-04,145753965794.0
2024-08-03,256559833786.0
2024-06-23,204838369914.0
2024-05-28,326031788035.0
2024-06-23,266783001360.0
2024-07-03,176296371180.0
2024-03-20,326002301177.0
2024-07-26,204825521787.0
2024-07-15,266740082260.0
2024-05-10,186208211255.0
2024-06-13,186308003398.0
2024-06-27,226094518907.0
2022-05-01,324456130695.0
2024-01-16,284138185408.0
2024-07-29,285031820713.0
2024-06-03,256461854462.0
2024-07-29,387073823072.0
2024-07-15,256547935795.0
2024-06-04,193714741276.0
2024-07-29,235310872342.0
2024-05-17,134972515369.0
2024-05-30,193096899583.0
2024-05-15,266712495922.0
2024-06-03,135070855822.0
2024-07-18,165982051591.0
2024-07-03,324852865177.0
2024-07-24,256329711242.0
2024-06-17,251134632757.0
2024-05-13,145383986320.0
2024-06-18,252054833248.0
2024-05-15,276311124219.0
2024-07-20,293877777305.0
2024-06-15,204831579455.0
2024-05-25,204670019987.0
2024-06-09,256502372966.0
,
2024-07-23,326119431314.0
,
2024-06-07,276493250770.0
2024-07-28,235670386087.0
2024-06-17,135006586145.0
2024-07-24,266842251120.0
2024-05-31,116201100765.0
2024-05-31,126508072204.0
2024-06-13,326103209659.0
2024-06-26,296455576526.0
2024-07-03,166753931501.0
2024-06-21,276103803032.0
2024-07-04,226226650164.0
2024-07-25,256541549370.0
2024-06-05,266286519112.0
2024-06-18,387097225464.0
2024-07-10,115993541148.0
2024-07-08,204789682882.0
2024-07-04,266890473765.0
2024-07-30,235513438918.0
2024-07-08,153488532911.0
2024-07-07,186487294146.0
2024-05-29,226137816234.0
2024-05-31,204614300306.0
2024-07-28,355864906934.0
2024-05-23,315368307655.0
2024-05-14,387004328752.0
2024-06-01,225728660183.0
2024-07-15,387193797542.0
2024-06-19,186246876226.0
2024-05-10,186375903151.0
2024-07-03,296539967002.0
2024-07-24,226188593612.0
2024-07-09,135138539427.0
2024-06-27,226112989382.0
2024-05-23,315246655641.0
2024-05-20,404648956302.0
2024-07-12,325924036712.0
2024-07-10,285669438349.0
2024-07-31,355914533246.0
2024-07-29,135148990431.0
2024-07-07,135058272548.0
2024-07-02,355794329717.0
2024-08-03,403159999750.0
2024-07-17,156278250712.0
2024-05-13,276439429154.0
2024-06-05,285386262773.0
2024-07-28,166754008589.0
2024-07-27,155625068299.0
2024-06-18,364539137024.0
2024-06-13,116165828536.0
2024-06-26,255977785803.0
2024-07-02,315370682659.0
2024-07-06,126486501599.0
2024-05-31,196337412014.0
2024-07-31,266781251850.0
2024-07-29,365031623183.0
2024-07-19,266746427306.0
2024-06-26,276433141528.0
2024-07-31,126554200187.0
2024-07-04,335412173278.0
2024-06-15,166577654249.0
,
2024-01-19,335044235534.0
2024-07-21,116255573859.0
2024-07-16,186143784180.0
2024-07-04,363318036775.0
2024-06-29,235476209292.0
2024-06-26,116223680731.0
2024-06-14,174545406890.0
2024-06-11,186387405347.0
2024-06-04,296063639858.0
2024-05-21,326054162424.0
2024-07-15,166787420804.0
2024-05-27,126500920882.0
2024-07-31,186603366531.0
2024-07-21,335107993014.0
2024-05-12,186435216519.0
2024-05-31,116201022650.0
2024-05-20,145785215637.0
2024-06-01,204809953967.0
2024-07-12,295954595955.0
2024-08-02,235657918575.0
2024-08-02,315308270975.0
2024-06-23,274637060611.0
2024-07-29,166753938990.0
2024-07-30,186387003294.0
2024-07-11,176347965655.0
2024-07-24,135032065628.0
2024-05-23,116168287873.0
2024-07-22,355880743752.0
2024-06-06,204661375465.0
2024-07-18,296213260980.0
2024-06-25,196464655389.0
2024-07-30,186601827132.0
2024-06-03,235587906336.0
2024-08-02,326219104106.0
2024-07-20,256503460569.0
2024-06-28,135108713479.0
2024-07-04,156287282326.0
2024-07-27,156324245218.0
2024-05-13,186436484603.0
2024-08-02,266623519471.0
2024-06-05,315410490340.0
2024-05-23,265239090878.0
2024-07-11,264539765874.0
2024-07-19,315387091168.0
2024-08-01,256511124812.0
2024-07-05,256563888439.0
2024-07-23,363656467118.0
2024-06-26,315368378574.0
2024-08-04,186487440567.0
2024-05-16,126463168360.0
2024-05-10,315351488294.0
2024-07-11,315368374515.0
2024-07-05,115865889429.0
2024-05-31,116201100765.0
2024-06-15,204577358132.0
2024-08-01,134986392191.0
2024-07-08,204789682882.0
2024-07-25,285821153163.0
2024-06-20,116223711561.0
2024-05-27,166762972302.0
2024-07-22,204798766415.0
2024-07-26,363874886722.0
,
2024-08-03,256559833786.0
2024-06-09,256502372966.0
2024-06-01,204809953967.0
2024-05-28,166788005439.0
2024-05-18,395277928870.0
2024-07-31,315473035835.0
2024-07-26,204825521787.0
2024-07-15,395533875166.0
2024-07-23,204853359536.0
2024-06-20,256543313053.0
2024-07-01,364969975730.0
2024-07-03,226211639047.0
2024-07-30,115959725835.0
2024-05-28,326031788035.0
2024-07-01,126552944256.0
2024-06-23,204838369914.0
2024-06-30,126215814812.0
2024-06-13,186308003398.0
2024-07-15,375513392296.0
2024-05-12,186435216519.0
2024-08-02,116214307752.0
2024-05-14,166676861562.0
2024-06-03,256406741403.0
2024-06-09,403142113101.0
2024-06-15,285102695032.0
2024-07-30,285389262594.0
2024-06-19,285912645901.0
2024-07-17,404782248900.0
2024-07-23,176370635268.0
2024-08-01,184493042015.0
2024-06-24,165555105289.0
2024-07-04,196356966756.0
2024-07-03,126532351137.0
2024-05-30,193096899583.0
2024-01-25,145512766427.0
2024-05-12,266448844407.0
2024-04-16,314919911863.0
2024-08-01,174483225142.0
2024-07-03,324852865177.0
2024-06-16,315350603459.0
2024-06-03,256461854462.0
2024-07-20,293877777305.0
2024-07-18,165982051591.0
2024-05-31,315375072191.0
2024-08-02,203787453062.0
2024-07-09,385970356023.0
2024-07-29,404650871357.0
2024-07-15,166838275524.0
2024-07-03,266422225521.0
2024-05-09,315295741977.0
2024-06-13,266782950772.0
2024-05-24,256515043989.0
2024-06-04,193714741276.0
2024-05-15,185553789636.0
2024-05-03,355601899900.0
2024-06-07,226137728016.0
2024-05-22,225531685180.0
2024-05-29,115308197766.0
2023-08-03,354943511088.0
2024-05-10,304538730975.0
2024-07-10,121451067945.0
,
2024-06-01,204809953967.0
2024-06-03,256406741403.0
2024-06-23,204838369914.0
2024-07-04,196356966756.0
2024-07-26,204825521787.0
2024-08-03,256559833786.0
2024-07-23,204853359536.0
2024-07-31,315473035835.0
2024-05-18,395277928870.0
2024-05-28,326031788035.0
2024-07-03,226211639047.0
2024-06-13,186308003398.0
2024-01-25,145512766427.0
2024-06-13,266782950772.0
2024-06-03,256461854462.0
2024-06-04,193714741276.0
2024-05-22,225531685180.0
2024-06-15,204831579455.0
2024-05-25,204670019987.0
2024-06-09,256502372966.0
,
 20 May 2024,226137805569.0
 24 Jul 2024,253285219419.0
 22 Jul 2024,193714727926.0
 5 Jul 2024,116199658533.0
 11 Jun 2024,116191798509.0
 7 May 2024,226084287163.0
 9 May 2024,135032383118.0
 8 May 2024,226130509303.0
 5 Jul 2024,256442174247.0
 29 May 2024,226111716420.0
 9 May 2024,266763324009.0
 1 Aug 2024,226271410120.0
 14 Jun 2024,135004591569.0
 22 Jul 2024,226111716408.0
 22 May 2024,135063114085.0
 10 May 2024,226052050661.0
 17 May 2024,266676167826.0
 14 May 2024,126009293861.0
 15 May 2024,226137647480.0
 6 Jun 2024,395376144950.0
 23 Jul 2024,116029354750.0
 9 Jul 2024,145814044420.0
 14 May 2024,404918425260.0
 27 Jun 2024,334927835120.0
 9 Jun 2024,404397482460.0
 11 Jul 2024,275979976000.0
 3 Jul 2024,305528243248.0
 13 May 2024,285413810282.0
 27 Jun 2024,275979976009.0
 21 Jun 2024,275979976055.0
 24 Jul 2024,235328778333.0
 15 May 2024,275979975993.0
 11 Jun 2024,275979976001.0
 10 May 2024,285413810257.0
 2 Jun 2024,226096219277.0
 16 May 2024,275979975981.0
 3 Jun 2024,285413816186.0
 10 May 2024,285413810294.0
 9 May 2024,266601443646.0
 28 Jun 2024,375311016450.0
 11 Jul 2024,256398434383.0
 9 Apr 2024,235385270629.0
 9 Apr 2024,225971959521.0
 14 Jun 2024,266676164979.0
,
 29 May 2024,226111716420.0
 8 May 2024,226130509303.0
 14 May 2024,126009293861.0
 14 Jun 2024,135004591569.0
 9 May 2024,266763324009.0
 9 May 2024,135032383118.0
 7 May 2024,226084287163.0
 1 Aug 2024,226271410120.0
 23 Jul 2024,116029354750.0
 10 May 2024,226052050661.0
 11 Jun 2024,116191798509.0
 22 May 2024,135063114085.0
 5 Jul 2024,116199658533.0
 6 Jun 2024,395376144950.0
 5 Jul 2024,256442174247.0
 14 May 2024,404918425260.0
 20 May 2024,226137805569.0
 15 May 2024,226137647480.0
 17 May 2024,266676167826.0
 9 Jul 2024,145814044420.0
 22 Jul 2024,226111716408.0
 27 Jun 2024,334927835120.0
 3 Jul 2024,305528243248.0
 9 Jun 2024,404397482460.0
 24 Jul 2024,253285219419.0
 24 Jul 2024,235328778333.0
 2 Jun 2024,226096219277.0
 22 Jul 2024,193714727926.0
 9 May 2024,266601443646.0
 28 Jun 2024,375311016450.0
 9 Apr 2024,235385270629.0
 9 Apr 2024,225971959521.0
 11 Jul 2024,256398434383.0
 14 Jun 2024,266676164979.0
,
2024-08-02,256570625651.0
2024-07-30,285986040278.0
2024-07-26,156253352599.0
2024-07-23,135128748901.0
2024-07-19,296577592007.0
2024-07-18,156259960159.0
2024-07-14,266904931633.0
2024-01-12,256374288017.0
2024-07-11,296562700675.0
2024-06-30,166848328658.0
2024-06-22,156268229315.0
2024-06-15,126525013792.0
2024-06-04,116206793545.0
2024-06-05,296468014428.0
2024-05-31,116201022650.0
2024-05-10,116177340992.0
2024-05-30,326085891463.0
2024-05-25,326094512941.0
2024-05-24,116193139065.0
2024-05-22,256461359030.0
2024-05-21,284900256700.0
2024-05-21,116157960443.0
2024-05-21,186184140079.0
2024-05-21,326080542898.0
2024-05-21,276333403597.0
2024-05-20,156174226776.0
2024-05-20,256515000447.0
2024-05-20,387015990423.0
2024-05-15,226084670265.0
2024-07-30,186601827132.0
2024-07-01,364982522371.0
2024-07-22,186543261140.0
2024-07-25,135157278659.0
2024-07-16,186543115975.0
2024-06-03,326125657524.0
2024-06-22,296292699422.0
2024-06-25,176439593391.0
2024-07-04,266890056033.0
2024-06-20,285884105116.0
2024-07-31,186543140334.0
2024-07-07,335475097614.0
2024-06-18,266749680974.0
2024-06-23,166258053575.0
2024-06-06,234926503271.0
2024-07-04,266890074618.0
2024-07-04,135132849943.0
2024-07-04,256562665920.0
2024-05-31,116201100765.0
2024-07-22,116262269916.0
2024-07-25,275935758638.0
2024-05-09,276436927816.0
2024-07-03,186535730081.0
2024-06-11,326139029714.0
2024-05-08,196384153156.0
2024-05-31,126508072204.0
2024-05-15,145776128384.0
2024-05-20,404987291531.0
2024-07-04,266890144393.0
2024-06-15,156258281464.0
2024-05-19,404986153159.0
2024-07-16,176474487877.0
2024-06-17,135006586145.0
2024-07-04,226226650164.0
2024-06-14,326084966920.0
2024-07-08,276421555873.0
2024-07-16,326172930456.0
2024-05-30,156125685579.0
,
2024-07-30,186601827132.0
2024-07-01,364982522371.0
2024-05-31,116201022650.0
2024-07-03,116238208267.0
2024-07-25,275935758638.0
2024-06-22,296292699422.0
2024-06-23,166258053575.0
2024-06-03,326125657524.0
2024-07-25,135157278659.0
2024-06-20,285884105116.0
2024-07-31,186543140334.0
2024-05-31,116201100765.0
2024-05-21,326080542898.0
2024-07-04,135132849943.0
2024-07-03,186535730081.0
2024-05-16,305569389409.0
2024-07-30,285986040278.0
2024-07-08,276421555873.0
2024-07-16,326172930456.0
2024-07-13,226226888017.0
2024-07-19,256560301951.0
2024-07-14,266904931633.0
2024-05-24,116193139065.0
2024-06-05,116165720101.0
2024-07-11,296562700675.0
2024-05-26,116195320231.0
2024-05-15,126480299746.0
2024-07-23,126562185967.0
2024-06-30,166848328658.0
2024-05-20,387015990423.0
2024-05-30,326085891463.0
2024-08-02,256570625651.0
2024-05-20,116185063804.0
2024-05-21,116157960443.0
2024-07-11,315368374515.0
2024-07-02,135058273214.0
2024-07-26,156253352599.0
2024-06-04,116191851615.0
2024-06-21,116093680209.0
2024-07-02,126557796967.0
2024-06-19,256547938282.0
2024-05-20,256515000447.0
2024-07-17,116209655779.0
2024-08-02,235657918575.0
2024-06-10,235601942991.0
2024-07-17,276552718126.0
2024-07-03,116222495023.0
2024-07-06,126486501603.0
2024-06-23,116181353621.0
2024-07-07,135058272548.0
2024-05-21,284900256700.0
2024-05-30,135056982596.0
2024-06-10,116191213945.0
2024-07-01,276533225304.0
2024-06-15,126525013792.0
2024-07-18,364989639583.0
2024-05-21,375095543008.0
2024-06-17,126524212700.0
2024-05-28,116192033756.0
2024-05-20,156174226776.0
,
 21 May 2024,326054162424.0
 4 Jun 2024,176370598788.0
 9 Jul 2024,186490896510.0
,
2024-07-09,186490896510.0
2024-05-21,326054162424.0
2024-06-17,116159114090.0
2024-07-22,166826996210.0
2024-08-03,116159251385.0
2024-07-23,363656467118.0
2024-05-18,116009263083.0
2024-06-17,126211779765.0
2024-08-04,364902878237.0
2024-07-29,326144912348.0
2024-05-18,395277928870.0
2024-06-15,256543155071.0
2024-05-16,126112073030.0
2024-05-14,126009293861.0
2024-07-25,116214304827.0
2024-06-25,266092270987.0
2024-06-29,235493817397.0
2024-05-12,186435216519.0
2024-06-10,256484820999.0
2024-06-04,176370598788.0
2024-07-18,326099806216.0
2024-06-18,156222383867.0
2024-07-29,166753938990.0
2024-07-31,315473035835.0
2024-08-02,255936064430.0
2024-05-21,276417630239.0
2024-06-27,256445614048.0
2024-06-05,186410662760.0
2024-07-02,405016420220.0
2024-06-11,296396923717.0
2024-05-23,272246173135.0
2024-07-10,335112970882.0
2024-06-09,403142113101.0
2024-05-10,166753940004.0
2024-06-17,256077694635.0
2024-05-14,284163299544.0
2024-06-07,256486181360.0
2024-07-23,305621284552.0
2022-11-06,373472553918.0
2024-08-02,203787453062.0
2024-07-28,315252880453.0
2024-07-04,295984066827.0
2024-05-15,185553789636.0
2024-06-22,355758408988.0
2024-05-22,335339012896.0
2024-06-10,362959268109.0
2024-07-12,126471968681.0
2024-05-26,363250970571.0
2024-06-23,325283482147.0
2024-06-13,186425917589.0
2024-07-19,315387091168.0
2024-07-28,154900435778.0
,
 28 May 2024,166788005439.0
 4 Jun 2024,176370598788.0
 6 Jun 2024,256447964106.0
 16 Jul 2024,186143784180.0
 15 May 2024,326123104731.0
 12 May 2024,186435216519.0
 16 Jul 2024,166846831054.0
 20 Jun 2024,256543313053.0
 3 Aug 2024,256559833786.0
 1 Jul 2024,364969975730.0
 21 Jul 2024,135058347331.0
 30 Jul 2024,115959725835.0
 26 Jun 2024,226213428464.0
 21 May 2024,326054162424.0
 30 Jun 2024,126215814812.0
 17 Jul 2024,225901378094.0
 1 Jul 2024,126552944256.0
 25 Jun 2024,266092270987.0
 15 Jul 2024,395533875166.0
 2 Aug 2024,116214307752.0
 14 May 2024,166676861562.0
 15 Jun 2024,285102695032.0
 15 Jul 2024,155789237653.0
 2 Aug 2024,255936064430.0
 15 Jul 2024,375513392296.0
 28 May 2024,145372611298.0
 21 May 2024,276417630239.0
 19 Jun 2024,285912645901.0
 2 Aug 2024,135148990432.0
 9 Jun 2024,403142113101.0
 30 Jul 2024,285389262594.0
 31 May 2024,126379110770.0
 9 Jul 2024,186490896510.0
 24 Jun 2024,165555105289.0
 23 Jun 2024,266783001360.0
 7 Jun 2024,256486181360.0
 17 Jul 2024,404782248900.0
 5 Jul 2024,296141688175.0
 17 May 2024,155487754722.0
 1 Aug 2024,184493042015.0
 14 Jun 2024,276343266918.0
 2 Aug 2024,383565435076.0
 6 Nov 2022,373472553918.0
 14 Jul 2024,364205856972.0
 22 Nov 2022,353335176729.0
 17 Jul 2024,392095966438.0
 20 Jul 2024,192034715620.0
 5 Feb 2024,402575145527.0
 23 Jul 2024,204852280169.0
 4 Aug 2024,153030942555.0
 30 Jul 2024,314838029942.0
 18 Jul 2024,165982051591.0
 12 May 2024,355017213716.0
 4 Jun 2024,332749445386.0
 17 Jul 2024,314765720618.0
 4 Jun 2024,391959636559.0
 13 Jul 2024,194380720302.0
 14 Jun 2024,135067430713.0
 4 Jul 2024,266508000873.0
 19 Jun 2024,124466574588.0
,
2024-07-24,186014352340.0
2024-06-27,363343580168.0
2024-06-24,166753942896.0
2024-06-15,374384677222.0
2024-06-14,126445101492.0
2024-05-28,275906331425.0
2024-07-02,405072254146.0
2024-05-30,405001222190.0
2024-05-28,166788005439.0
2024-05-31,364921315354.0
2024-06-01,204809953967.0
2024-07-15,166787420804.0
2024-07-30,226135284503.0
2024-05-27,126500920882.0
2024-07-19,186439869640.0
2024-07-03,305536821651.0
2024-05-08,235443250299.0
2024-05-10,166753943335.0
2024-05-27,196413001485.0
2024-07-23,166753942470.0
2024-06-25,196464655389.0
2024-07-15,156254414043.0
2024-06-27,166831551075.0
2024-05-15,116088091088.0
2024-08-02,315308270975.0
2024-08-03,266861648911.0
2024-07-08,204789682882.0
2024-05-19,186428714407.0
2024-06-04,156242116588.0
2024-07-01,355829832648.0
2024-06-05,166805491403.0
2024-06-05,285730682595.0
2024-05-23,116168287873.0
2024-06-24,315465658744.0
2024-07-08,404795230095.0
2024-05-20,116188559249.0
2024-07-17,176428866537.0
2024-05-16,305184103594.0
2024-05-14,404681593666.0
2024-08-03,387085603800.0
2024-07-22,355880743752.0
2024-08-04,126177029858.0
2024-07-31,315473035835.0
2024-06-03,186421195887.0
2024-06-24,315429196800.0
2024-07-29,166753938990.0
2024-06-25,266092270987.0
2024-07-29,395559468255.0
2024-07-10,326183953770.0
2024-05-10,285709249824.0
2024-05-18,395277928870.0
2024-07-24,135032065628.0
2024-06-18,256386462339.0
2024-07-29,315348423105.0
2024-05-07,235536712993.0
2024-07-09,116246214865.0
2024-06-27,373499450896.0
2024-07-21,116255573859.0
2024-07-29,285891280089.0
2024-05-31,284145744494.0
2024-07-18,255997009235.0
,
2024-07-19,186439869640.0
2024-05-29,266081783405.0
2024-07-08,204789682882.0
2024-07-08,404795230095.0
2024-07-05,235540533557.0
2024-06-29,186439958066.0
2024-06-10,275949379181.0
2024-05-31,186169296831.0
2024-05-29,285773711468.0
2024-05-10,166753943335.0
2024-05-08,235443250299.0
2024-07-23,166753942470.0
2024-07-30,226135284503.0
2024-06-24,166753942896.0
2024-07-15,156254414043.0
2024-07-02,405072254146.0
2024-05-30,405001222190.0
2024-05-28,166788005439.0
2024-05-16,305184103594.0
2024-06-27,166831551075.0
2024-05-31,364921315354.0
2024-06-05,285730682595.0
2024-06-01,204809953967.0
2024-07-10,326183953770.0
2024-06-14,126445101492.0
2024-06-25,196464655389.0
2024-05-20,116188559249.0
2024-05-19,186428714407.0
2024-07-03,305536821651.0
2024-07-15,166787420804.0
2024-05-27,196413001485.0
2024-05-10,285709249824.0
2024-07-22,355880743752.0
2024-08-02,315308270975.0
2024-05-27,126500920882.0
2024-06-25,266092270987.0
2024-05-27,266783570351.0
2024-05-14,404681593666.0
2024-05-31,284145744494.0
2024-06-27,375349891434.0
2024-06-04,156242116588.0
2024-05-18,395277928870.0
2024-06-18,114244878962.0
2024-08-03,387085603800.0
2024-07-24,135032065628.0
2024-07-01,355829832648.0
2024-08-03,266861648911.0
2024-07-15,126396374473.0
2024-06-27,373499450896.0
2024-08-01,176342521301.0
2024-07-04,186538231813.0
2024-05-23,116168287873.0
2024-07-31,315473035835.0
2024-07-27,156324245218.0
2024-06-05,166805491403.0
2024-07-31,186477943547.0
2024-05-14,145733170192.0
2024-08-04,126177029858.0
2024-06-24,315465658744.0
2024-07-17,176428866537.0
2024-07-21,116255573859.0
2024-05-21,387007336087.0
2024-06-18,256386462339.0
,
2024-02-27,372576446594.0
2020-12-18,372661740984.0
2023-10-03,363856247654.0
2023-05-04,363850509469.0
2024-07-11,374386079350.0
2024-02-22,364463698900.0
2024-07-16,363821617044.0
2024-06-27,324557892804.0
2024-06-17,166753943631.0
2024-06-17,325682795299.0
2024-07-05,115865889429.0
2024-08-02,255936064430.0
2024-06-13,114932575875.0
,
2024-07-11,116075549913.0
2024-07-15,126396374473.0
2024-06-08,404975140502.0
2024-05-15,404875656631.0
2024-07-01,375513386771.0
2024-08-02,276563339175.0
2024-06-23,126480119690.0
2024-06-19,116213052744.0
2024-07-12,156222365301.0
2024-05-29,116156015147.0
2024-05-14,116180113871.0
2024-06-17,126524212700.0
2024-05-30,126176539546.0
2024-07-24,256435708325.0
2024-06-10,256538177493.0
2024-08-03,256554098804.0
2024-05-11,335356278526.0
2024-07-31,134832023443.0
2024-06-29,116215561612.0
2024-08-03,355781560649.0
2024-07-21,194786022105.0
2024-07-02,256421047068.0
2024-06-04,115931830578.0
2024-06-08,256406695397.0
2024-07-10,256457970511.0
2024-06-19,256547938282.0
2024-06-18,126387245270.0
2024-08-01,364988829145.0
2024-06-07,256089012393.0
2024-07-08,116203262661.0
2024-05-14,256485301856.0
2024-04-25,335365237972.0
2024-05-28,326031788035.0
2024-07-18,255997009235.0
2024-05-08,126324182251.0
2024-07-25,256096915150.0
2024-06-17,256507598670.0
2024-05-09,256495291022.0
2024-06-12,204826214654.0
2024-05-31,126394769487.0
2024-07-21,194786030580.0
2024-07-10,256543593931.0
2024-05-31,126506251460.0
2024-06-14,266844361117.0
2024-06-21,326085250993.0
2024-07-02,325728501465.0
2024-05-21,276417630239.0
2024-06-28,296481642098.0
2024-06-16,256544452059.0
2024-06-24,145851274617.0
2024-07-26,123739557621.0
2024-06-10,285677614294.0
2024-07-10,395268099797.0
2024-05-30,196396132667.0
2024-06-18,235486803192.0
2023-12-31,374658244198.0
2024-07-10,276536854726.0
2024-07-14,145881172279.0
2024-08-02,255936064430.0
2024-07-15,155522577196.0
,
2024-07-25,116214304827.0
2024-07-25,166603583063.0
2024-07-24,256483089513.0
2024-07-11,226189971331.0
2024-07-07,364972364287.0
2024-07-06,156278193484.0
2024-06-21,276504658730.0
2024-06-17,275835919384.0
2024-06-12,235551481164.0
2024-06-07,285891081501.0
2024-05-14,126197624110.0
2024-05-23,115927089547.0
2024-05-24,175889812395.0
2024-05-19,125049737637.0
2024-05-08,226051965542.0
2024-05-08,204779346791.0
2024-06-25,196464655389.0
2024-05-23,116168287873.0
2024-05-10,315351488294.0
2024-05-31,364921315354.0
2024-05-30,405001222190.0
2024-07-24,326198168219.0
2024-07-25,315351456214.0
2024-06-12,204826214654.0
2024-07-19,186439869640.0
2024-06-10,126198152909.0
2024-07-08,404795230095.0
2024-06-27,186439878742.0
2024-07-08,204789682882.0
2024-06-25,166808460878.0
2024-05-13,256410640394.0
2024-06-21,156224932450.0
2024-07-29,375560827948.0
2024-06-01,204809953967.0
2024-05-28,166788005439.0
2024-07-19,276527037692.0
2024-07-14,145881172279.0
2024-07-26,186490943900.0
2024-06-23,296374657015.0
2024-05-08,226131576493.0
2024-06-15,256543155071.0
2024-05-27,126500920882.0
2024-06-10,256484820999.0
2024-05-11,204779297629.0
2024-07-02,405072254146.0
2024-07-29,135148990431.0
2024-05-30,315399216734.0
2024-07-21,116255573859.0
2024-07-22,355880743752.0
2024-06-15,145814023041.0
2024-07-04,126527684829.0
2024-07-27,156324245218.0
2024-07-24,135032065628.0
2024-05-16,126112073030.0
2024-05-27,196413001485.0
2024-07-15,166787420804.0
2024-05-29,296448914515.0
2024-07-24,266842251120.0
2024-07-23,363656467118.0
2024-07-03,305536821651.0
2024-06-17,186493471680.0
2024-05-14,404822009749.0
2024-07-11,126571352029.0
,
2024-07-29,375560827948.0
2024-07-26,186490943900.0
2024-07-19,276527037692.0
2024-07-14,145881172279.0
2024-07-11,126571352029.0
2024-06-27,186439878742.0
2024-06-25,256486181538.0
2024-06-25,166808460878.0
2024-06-23,296374657015.0
2024-06-21,156224932450.0
2024-06-20,404872047374.0
2024-06-17,186493471680.0
2024-06-15,256543155071.0
2024-06-15,145814023041.0
2024-06-12,204826214654.0
2024-06-10,256484820999.0
2024-06-07,256486181360.0
2024-05-21,226066690620.0
2024-05-23,116168287873.0
2024-05-13,256410640394.0
2024-05-11,204779297629.0
2024-05-10,315351488294.0
2024-06-25,196464655389.0
2024-05-20,145785215637.0
2024-05-31,364921315354.0
2024-06-21,276504658730.0
2024-07-25,315351456214.0
2024-05-30,405001222190.0
2024-05-08,226131576493.0
2024-06-16,405041161296.0
2024-07-24,326198168219.0
2024-06-12,235551481164.0
2024-06-10,126198152909.0
2024-07-11,226189971331.0
2024-06-01,204809953967.0
2024-05-24,175889812395.0
2024-05-08,204779346791.0
2024-07-07,364972364287.0
2024-07-19,186439869640.0
2024-07-29,135148990431.0
2024-05-28,166788005439.0
2024-07-08,404795230095.0
2024-06-04,115931830578.0
2024-05-29,296448914515.0
2024-07-02,405072254146.0
2024-07-08,204789682882.0
2024-07-24,256483089513.0
2024-07-22,355880743752.0
2024-05-30,315399216734.0
2024-05-23,115927089547.0
2024-05-27,126500920882.0
2024-06-22,256486185908.0
2024-05-14,404822009749.0
2024-07-24,135032065628.0
2024-06-15,404973450393.0
2024-07-21,116255573859.0
2024-07-25,116214304827.0
2024-07-04,126527684829.0
2024-07-24,266842251120.0
2024-07-06,156278193484.0
2024-07-25,166603583063.0
2024-06-07,315351472849.0
2024-07-27,156324245218.0
,
2024-06-10,126198152909.0
2024-05-13,256410640394.0
2024-05-23,115927089547.0
2024-06-25,196464655389.0
2024-05-16,126112073030.0
2024-07-25,315351456214.0
2024-05-08,204779346791.0
2024-07-04,126527684829.0
2024-05-23,116168287873.0
2024-05-10,315351488294.0
2024-07-29,135148990431.0
2024-06-27,186439878742.0
2024-05-28,166788005439.0
2024-06-21,156224932450.0
2024-05-31,364921315354.0
2024-05-29,296448914515.0
2024-06-12,204826214654.0
2024-07-07,364972364287.0
2024-05-30,405001222190.0
2024-06-22,256486185908.0
2024-07-25,116214304827.0
2024-07-19,186439869640.0
2024-06-04,115931830578.0
2024-07-29,375560827948.0
2024-06-10,256484820999.0
2024-06-15,256543155071.0
2024-05-18,126487093276.0
2024-05-11,204779297629.0
2024-06-07,315351472849.0
2024-05-20,256484822423.0
2024-07-14,145881172279.0
2024-06-25,266092270987.0
2024-07-13,326159289956.0
2024-07-08,285364008925.0
2024-05-10,285709249824.0
2024-05-24,175889812395.0
2024-07-19,276527037692.0
2024-05-22,364378287458.0
2024-05-29,275582554444.0
2024-05-08,226131576493.0
2024-07-11,126571352029.0
2024-05-14,404822009749.0
2024-07-25,156158646229.0
2024-05-29,226137816234.0
2024-07-06,156278193484.0
2024-06-14,285849900634.0
2024-06-17,275835919384.0
2024-06-30,315446035405.0
2024-07-24,256483089513.0
2024-06-30,126215814812.0
2024-07-16,256484822384.0
2024-06-19,186374802609.0
2024-05-14,404681593666.0
2024-05-14,126197624110.0
2024-06-07,256486181360.0
2024-06-19,135063228055.0
2024-07-15,335460961857.0
2024-05-29,204802527389.0
2024-06-15,145814023041.0
2024-05-31,126379110770.0
,
2024-07-03,285928578667.0
2024-06-14,285849900634.0
2024-06-07,315351472849.0
2024-07-29,135148990431.0
2024-05-29,296448914515.0
2024-05-13,186439935818.0
2024-05-31,364921315354.0
2024-05-14,404822009749.0
2024-05-23,116168287873.0
2024-07-06,156278193484.0
2024-06-10,126198152909.0
2024-07-25,315351456214.0
2024-06-19,186374802609.0
2024-05-30,405001222190.0
2024-05-28,166788005439.0
2024-07-19,186439869640.0
2024-06-27,186439878742.0
2024-05-10,315351488294.0
2024-08-02,226271818403.0
2024-05-16,126112073030.0
2024-07-04,126527684829.0
2024-07-15,335460961857.0
2024-06-21,156224932450.0
2024-06-04,115931830578.0
2024-06-12,204826214654.0
2024-05-08,204779346791.0
2024-05-13,256410640394.0
2024-08-01,134986392191.0
2024-06-15,256543155071.0
2024-08-04,126418305888.0
2024-05-23,115927089547.0
2024-07-07,364972364287.0
2024-05-22,364378287458.0
2024-07-09,204802536386.0
2024-05-14,404681593666.0
2024-05-08,226131576493.0
2024-07-25,116214304827.0
2024-06-10,226055131420.0
2024-05-29,204802527389.0
2024-06-25,226198504832.0
2024-06-10,256484820999.0
2024-07-19,276527037692.0
2024-06-30,126215814812.0
2024-06-22,256486185908.0
2024-07-11,126571352029.0
2024-07-24,256483089513.0
2024-06-17,275835919384.0
2024-05-20,256484822423.0
2024-06-07,256486181360.0
2024-07-14,145881172279.0
2024-07-16,256484822384.0
2024-05-11,204779297629.0
2024-05-13,285413810282.0
2024-05-14,126197624110.0
2024-05-14,176376676186.0
2024-07-29,375560827948.0
2024-05-24,175889812395.0
2024-05-18,116009263083.0
2024-07-30,115959725835.0
2024-06-17,186493471680.0
2024-06-15,145814023041.0
,
2024-07-16,364889804597.0
2024-07-16,404980481862.0
2024-07-10,256412538272.0
2024-07-07,256499465259.0
2024-06-21,375327925763.0
2024-06-20,235573109919.0
2024-06-12,296297481921.0
2024-06-12,296308055800.0
2024-06-11,145825664438.0
2024-06-03,116133020709.0
2024-05-23,126201754674.0
2024-05-22,395347167459.0
2024-07-20,305552363656.0
2024-07-31,395227176606.0
2024-07-31,116270749747.0
2024-08-01,235668843330.0
2024-07-23,305552364275.0
2024-07-11,266885657377.0
2024-06-14,326162736806.0
2024-07-05,266246681298.0
2024-06-14,325997844803.0
2024-07-15,266906542242.0
2024-07-16,305653766572.0
2024-05-16,404955974196.0
2024-07-31,165412006806.0
2024-05-15,126436048703.0
2024-05-27,196401600764.0
2024-07-24,125950545573.0
2024-06-20,116147086082.0
2024-07-04,186538568410.0
2024-06-30,375513185450.0
2024-06-11,156203258593.0
2024-05-23,404987293837.0
2024-08-02,166742637877.0
2024-07-16,353549062809.0
2024-06-05,364921544627.0
2024-05-22,116059160804.0
2024-07-12,196487169812.0
2024-06-18,335446999474.0
2024-06-18,276365217373.0
2024-07-04,395234890553.0
2024-01-21,145556069866.0
2024-07-25,196442846571.0
2024-07-29,235672059079.0
2024-08-04,365045841568.0
2024-05-24,196327151515.0
2024-07-04,166753969758.0
2024-06-16,126532000943.0
2024-07-17,276554203990.0
2024-07-24,256499466838.0
2024-06-21,186507344706.0
2024-06-11,335435500893.0
2024-08-02,266623519471.0
2024-07-30,266634145481.0
2024-05-19,235561303825.0
2024-05-07,156098305275.0
2024-05-18,186448869587.0
2024-05-08,285563599922.0
2024-07-22,135056916397.0
2024-06-17,235571871239.0
,
2024-06-20,116147086082.0
2024-07-15,266906542242.0
2024-07-04,166753969758.0
2024-05-23,126201754674.0
2024-08-02,166742637877.0
2024-07-04,405008530363.0
2024-07-24,256499466838.0
2024-07-22,156316715459.0
2024-05-22,395347167459.0
2024-07-31,395227176606.0
2024-06-14,326162736806.0
2024-08-01,235668843330.0
2024-07-11,266885657377.0
2024-06-14,325997844803.0
2024-06-12,296308055800.0
2024-07-31,116270749747.0
2024-07-16,364889804597.0
2024-07-07,256499465259.0
2024-07-16,305653766572.0
2024-05-23,404987293837.0
2024-06-12,296297481921.0
2024-05-20,186449726466.0
2024-06-30,375513185450.0
2024-07-16,404980481862.0
2024-05-22,116059160804.0
2024-07-05,266246681298.0
2024-07-12,196487169812.0
2024-06-05,364921544627.0
2024-06-03,116133020709.0
2024-06-11,156203258593.0
2024-06-17,405037049950.0
2024-06-18,335446999474.0
2024-06-20,235573109919.0
2024-06-21,375327925763.0
2024-05-24,196327151515.0
2024-07-25,196442846571.0
2024-06-21,186507344706.0
2024-07-31,165412006806.0
2024-05-15,196358916302.0
2024-06-11,145825664438.0
2024-06-16,126532000943.0
2024-08-02,266623519471.0
2024-06-17,235571871239.0
2024-05-20,256450760499.0
2024-07-20,305552363656.0
2024-07-10,256412538272.0
2024-05-08,285563599922.0
2024-07-16,353549062809.0
2024-07-22,135056916397.0
2024-06-18,276365217373.0
2024-06-11,335435500893.0
2024-06-21,275997654349.0
2024-06-18,315445859482.0
2024-05-18,186448869587.0
2024-07-04,395234890553.0
2024-05-16,404955974196.0
2024-06-16,256510440630.0
2024-07-03,135011270614.0
2024-07-16,285963690935.0
2024-01-21,145556069866.0
,
2024-07-30,115959725835.0
2024-07-25,176468686397.0
2024-07-09,186544430374.0
2024-06-11,355721213844.0
2024-06-27,276454398633.0
2024-05-07,226128817031.0
2024-07-25,145905395577.0
2024-06-18,326153684166.0
2024-05-18,126487093276.0
2024-07-04,335412173278.0
2024-06-30,276405864005.0
2024-06-21,235578041990.0
2024-06-18,156235625046.0
2024-07-24,325791501263.0
2024-07-17,355794329729.0
2024-05-07,134848139718.0
2024-06-14,126320484076.0
2024-05-30,305575210969.0
2024-06-18,296414590573.0
2024-06-22,375497793957.0
2024-07-29,196529639794.0
2024-07-04,375510499546.0
2024-05-20,355721205276.0
2024-08-03,395425048650.0
2024-07-26,276563116745.0
2024-07-05,176418408428.0
2024-06-23,166237571848.0
2024-05-12,296220640838.0
2024-06-20,266727726961.0
2024-07-30,196523189994.0
2024-06-30,404911029487.0
2024-05-21,176387387699.0
2024-07-22,355685776538.0
2024-07-10,145581653485.0
2024-06-28,133956660864.0
2024-05-22,292825323446.0
2024-08-02,186505611773.0
2024-05-16,166761757546.0
2024-07-30,296429680790.0
,
2024-06-25,126524118282.0
2024-07-04,285904597633.0
2024-06-10,285891155510.0
2024-06-05,276489387101.0
2024-08-01,126599328287.0
2024-05-27,226164992836.0
2024-08-04,135177537353.0
2024-06-06,266847136680.0
2024-06-10,235601638583.0
2024-05-26,226163178310.0
2024-06-04,276454480599.0
2024-05-11,116173227009.0
2024-07-24,315585330561.0
2024-07-10,126569758034.0
2024-05-17,235562442391.0
2024-05-28,186456229466.0
2024-06-25,204851882081.0
2024-05-16,326129432431.0
2024-06-15,116218053898.0
2024-06-02,135086188649.0
2024-07-02,315418029990.0
2024-06-05,235557024902.0
2024-08-01,276542647881.0
2024-06-30,326182236103.0
2024-07-10,365001718068.0
2024-07-02,285920134525.0
2024-08-03,266834297355.0
2024-07-24,305650409574.0
2024-06-10,226185786192.0
2024-06-05,305602799675.0
2024-06-16,256543478886.0
2024-06-19,126532293279.0
2024-07-29,285978375355.0
2024-07-30,285983100469.0
2024-05-08,315290042586.0
2024-07-27,305670173473.0
2024-08-02,126602941604.0
2024-07-22,116254781516.0
2024-05-13,276444528741.0
2024-07-14,226224656255.0
2024-07-02,276533151782.0
2024-07-12,276547955315.0
2024-06-09,315411766063.0
2024-06-15,285909740137.0
2024-05-24,276476877131.0
2024-06-22,126533941312.0
2024-05-08,315335088048.0
2024-07-26,355888104047.0
2024-06-11,266717978580.0
2024-06-16,145834616377.0
2024-07-04,355808785141.0
2024-06-27,176429035623.0
2024-07-29,405127464218.0
2024-05-07,126468084141.0
2024-06-21,126532249103.0
2024-06-06,296484024370.0
2024-07-30,235612097343.0
2024-07-26,365028311031.0
2024-05-13,235562444892.0
2024-05-11,285853127706.0
2024-07-07,355758376578.0
,
2024-07-31,126522659148.0
2024-05-29,276343142228.0
2024-07-26,145453117704.0
,
2024-07-05,186535558720.0
2024-05-28,285802442290.0
2024-08-01,335472707648.0
2024-06-20,166826907656.0
2024-05-07,276343088958.0
2024-07-15,364963025199.0
2024-07-17,186480010014.0
2024-07-29,204517035670.0
2024-06-06,156031129970.0
2024-06-23,235607580811.0
2024-07-29,355907033400.0
2024-05-10,256505651010.0
2024-05-29,116164201434.0
2024-07-28,324655546838.0
2024-06-15,235606990373.0
2024-05-28,404306707246.0
2024-07-31,235669661511.0
2024-07-23,126475292990.0
2024-06-22,116198828926.0
2024-07-18,126475265337.0
2024-07-28,256498269244.0
2024-05-24,126475337720.0
2024-06-30,126547545236.0
2024-07-26,145453117704.0
2024-05-18,355371899135.0
2024-05-28,126459629982.0
2024-05-27,235568351001.0
2024-07-15,315527117752.0
2024-06-14,266828523642.0
2024-06-07,266839070337.0
2024-06-01,204794951458.0
2024-06-04,355754184918.0
2024-06-14,204832992082.0
2024-06-24,355503119869.0
2024-06-27,145848048096.0
2024-06-29,256529721301.0
2024-06-04,235588379521.0
2024-06-05,226159197106.0
2024-05-30,176224910532.0
2024-07-20,176164711962.0
2024-05-30,166181696520.0
2024-08-01,304695780201.0
2024-06-07,386308889113.0
2024-05-10,296372961132.0
2024-06-30,126536568813.0
2024-07-26,116256451337.0
2024-06-09,145719626890.0
2024-07-16,235645479618.0
2024-05-08,256499340031.0
,
2024-07-31,204648452900.0
,
2024-08-02,364775259073.0
,
2024-07-18,365005762284.0
2024-07-04,296002659115.0
2024-07-22,335497104224.0
2024-07-25,225407168462.0
2024-08-02,364842046286.0
2024-07-27,375335478387.0
2024-06-02,274811331766.0
2024-06-04,266224822258.0
2024-07-11,134047628375.0
2024-08-04,275420558314.0
2024-07-31,133683999237.0
2024-07-09,196466856800.0
2024-08-01,275420564631.0
2024-07-25,285972568880.0
2024-06-19,124777111952.0
2024-06-25,276008251142.0
2024-07-29,395519035486.0
2024-08-02,364775259073.0
2024-06-08,275423839639.0
2024-07-20,375394690442.0
2024-07-01,315438415039.0
2024-07-07,276008508523.0
2024-02-03,392898570023.0
2024-05-25,233215984651.0
2024-07-20,275999096049.0
2024-07-30,365031682359.0
2024-05-29,125970090013.0
2024-07-08,275420564630.0
2024-08-01,403303564518.0
2024-03-19,373611311249.0
2024-07-15,274491338693.0
2024-05-19,325472036808.0
2024-07-29,364775262434.0
2024-05-08,275998996032.0
2024-07-14,395420486975.0
2024-06-01,314193594951.0
2024-05-31,274491310726.0
2024-07-04,126283050610.0
2024-06-20,324796169242.0
2024-07-11,275777597346.0
2024-07-25,314193558502.0
2024-07-21,222368561143.0
2024-07-26,274491312796.0
2024-07-14,114059895005.0
2024-07-31,204648452900.0
2024-06-15,364947877670.0
2024-06-26,323321998049.0
2024-06-18,275763734004.0
2024-07-14,134092252344.0
2024-06-29,323322026494.0
2024-05-15,155826630553.0
2024-06-03,322380962444.0
2024-04-29,315137820050.0
2024-06-11,123836688516.0
2024-05-29,235508583953.0
2024-07-30,391809597143.0
2024-07-14,364251987744.0
2024-04-21,315139731119.0
2024-05-20,315207147868.0
2024-05-19,322380962817.0
,
2024-07-18,365005762284.0
2024-08-02,364842046286.0
2024-07-04,296002659115.0
2024-08-04,174541326387.0
2024-06-18,175227360384.0
2024-07-19,144541226393.0
2024-08-03,163985510472.0
2024-07-11,385176105115.0
2024-06-07,172844777308.0
2024-07-01,115373088552.0
2024-06-30,203204525244.0
2024-07-22,335497104224.0
2024-05-07,276381187780.0
2024-07-15,235039844008.0
2024-06-14,202040928117.0
2024-06-23,296510747770.0
2024-07-09,185055352407.0
2024-08-01,276548310334.0
2024-05-11,196314380525.0
2024-06-11,254960888001.0
2024-07-11,174942262976.0
2024-06-21,266837618526.0
2024-06-16,335437831192.0
2024-07-18,234678478392.0
2024-08-03,351590241576.0
2024-07-25,225407168462.0
2024-06-11,154453245994.0
2024-07-29,350738458637.0
2024-05-14,276095429200.0
2024-07-28,315207027258.0
2024-07-21,275199204004.0
2024-07-12,315431355822.0
2024-07-31,133683999237.0
2024-07-02,392471981580.0
2024-07-09,196466856800.0
2024-06-16,383475705713.0
2024-07-25,285972568880.0
2024-08-03,133304905770.0
2024-06-11,175227360385.0
2024-06-06,296477589108.0
2024-07-29,395519035486.0
2024-07-22,133304984786.0
2024-07-29,276381181254.0
2024-08-01,403183569348.0
2024-05-14,186217906338.0
2024-05-31,296293659321.0
2024-06-11,174351455555.0
2024-07-28,133305132472.0
2024-05-15,266797681296.0
2024-07-11,134077832045.0
2024-06-14,335242270292.0
2024-07-20,375394690442.0
2024-07-07,175227360413.0
2024-07-04,386751390566.0
2024-06-29,164176907900.0
2024-06-13,133305102159.0
2024-07-31,333800788085.0
2024-06-14,224259615427.0
2024-05-29,196400178334.0
2024-06-28,116233016202.0
,
2024-06-02,326146600229.0
2024-07-29,256493528955.0
2024-07-13,195458003341.0
2024-07-25,285691367796.0
2024-08-04,186603271709.0
2024-07-02,255787906080.0
2024-05-26,176385218250.0
2024-05-11,125635423060.0
2024-07-16,204857643920.0
2024-06-23,226158915734.0
2024-07-03,325971132284.0
2024-06-12,323998390617.0
2024-06-29,115816831653.0
2024-05-20,404886539061.0
2024-05-14,256017465693.0
2024-06-26,284285047396.0
2024-07-14,235283322135.0
2024-06-09,126503074013.0
2024-06-13,126377392004.0
2024-06-13,225496195289.0
2024-07-08,235371947538.0
2024-05-30,305485261998.0
2024-06-13,225179942323.0
2024-06-13,404863523106.0
2024-07-31,126265867398.0
2024-07-02,323503683684.0
2024-06-08,355201193763.0
2024-06-27,324503602919.0
2024-05-29,361458309243.0
2024-05-25,325836717406.0
,
2024-07-23,326043385151.0
2024-07-05,126504725471.0
2024-06-28,326174755755.0
2024-06-13,196393781298.0
2024-05-13,196354184543.0
2024-08-01,204915549232.0
2024-07-15,204828405224.0
2024-07-31,166892552123.0
2024-05-09,256498520430.0
2024-07-10,204828394475.0
2024-07-24,365001704142.0
2024-05-29,126503665840.0
2024-06-18,405037113628.0
2024-05-19,256080152228.0
2024-05-25,285874932346.0
2024-06-16,256540560966.0
2024-08-02,405133200353.0
2024-07-07,204832222144.0
2024-06-12,166759746651.0
2024-05-31,296470237917.0
2024-07-01,226110798832.0
2024-06-27,204831880104.0
2024-08-01,116270282110.0
2024-06-04,204812544153.0
2024-06-17,266857104856.0
2024-06-25,285871893717.0
2024-05-30,176386881625.0
2024-07-31,126581248629.0
2024-05-19,116093490773.0
2024-07-01,226174074199.0
2024-05-23,186153365258.0
2024-07-29,266245505645.0
2024-05-20,255927742524.0
2024-06-12,296455198959.0
2024-06-08,266674313722.0
2024-07-31,226212908751.0
2024-07-03,226097490416.0
2024-06-10,256538830590.0
2024-06-20,226202776399.0
2024-05-15,226138681745.0
,
 24 May 2024,185428515145.0
 31 Jul 2024,156319199983.0
 5 Jul 2024,145751704677.0
 30 Jul 2024,204488436977.0
,
2024-05-29,395402400285.0
,
2024-07-30,276551438289.0
2024-07-26,315452452180.0
2024-07-22,374911641276.0
2024-07-22,326154879230.0
2024-07-16,305677267352.0
2024-07-16,166653875704.0
2024-07-01,326183120837.0
2024-06-28,326179761317.0
2024-06-24,326099269738.0
2024-06-16,305620874977.0
2024-06-11,145810456715.0
2024-05-22,204758690225.0
2024-05-17,364822568989.0
2024-05-14,335328581692.0
2024-05-09,386989517555.0
2024-07-26,166795469627.0
2024-06-19,116219097113.0
2024-07-15,256484316540.0
2024-05-15,326113275101.0
2024-06-01,285650631063.0
2024-05-15,315341960898.0
2024-07-01,176362731111.0
2024-06-06,166677025489.0
2024-07-07,284175111893.0
2024-07-29,355878689277.0
2024-05-21,276375792514.0
2024-07-07,326044819583.0
2024-05-29,166754014817.0
2024-05-14,116174629147.0
2024-06-06,256347996425.0
2024-01-24,115684424555.0
2024-05-08,404912655867.0
2024-07-04,186517164121.0
2024-05-31,116193511225.0
2024-07-17,315389226903.0
,
2024-07-31,126310722944.0
2024-05-30,355751428493.0
2024-07-18,305672298138.0
2024-06-12,145825578753.0
2024-08-03,145826538319.0
2024-08-02,276577892872.0
2024-06-09,186465762019.0
2024-05-11,186394408053.0
2024-06-14,305612092775.0
2024-07-31,166893787537.0
2024-07-31,186194183244.0
2024-06-16,326154851275.0
2024-05-07,296414727649.0
2024-05-10,186317107249.0
2024-07-21,145826993218.0
2024-06-02,186460112585.0
2024-07-30,135165637662.0
2024-07-07,326189929585.0
2024-07-18,326177060827.0
2024-07-29,186576649344.0
2024-07-06,305619601177.0
2024-07-01,375507224059.0
2024-07-28,305671506349.0
2024-05-13,186337621542.0
2024-05-28,166787625539.0
2024-07-18,126578441919.0
2024-07-06,305625073603.0
2024-06-27,145846529282.0
2024-07-22,116254140233.0
2024-07-05,166854654549.0
2024-07-26,186576593378.0
2024-08-02,335504843324.0
2024-06-25,235623765964.0
2024-06-01,186452866681.0
2024-08-02,315589682448.0
2024-05-13,266808630629.0
2024-06-01,266839065117.0
2024-07-08,226232927007.0
2024-05-21,186337867594.0
2024-07-10,145880213729.0
2024-06-12,135056922731.0
2024-06-19,145842334468.0
2024-07-21,256569046342.0
2024-06-09,186477826682.0
2024-05-08,326109022890.0
2024-07-30,126600087072.0
2024-05-21,126463232178.0
2024-06-12,186324058652.0
2024-07-31,335485819744.0
2024-07-07,296347241111.0
2024-07-20,145830682266.0
2024-06-07,196419221737.0
2024-06-24,405056979544.0
2024-06-18,266862823175.0
2024-05-30,166787625070.0
2024-06-25,126508616528.0
2024-05-24,235573146211.0
2024-07-01,186531441850.0
2024-06-13,305611961971.0
2024-07-27,196457822842.0
,
2024-07-23,355441270405.0
2024-07-01,166835797959.0
2024-05-26,315221338266.0
2024-06-01,256529489447.0
2024-06-24,375501840949.0
2024-05-20,176305432301.0
2024-07-26,135021135538.0
2024-06-23,256534666391.0
2024-07-09,256565103274.0
2024-06-24,175646888090.0
2024-05-23,404986218185.0
2024-05-25,176391300566.0
2024-07-12,355864788012.0
2024-07-11,186554709843.0
2024-08-01,156326495192.0
2024-06-24,395473796098.0
2024-06-01,126494254507.0
2024-07-08,266862229872.0
2024-05-14,285782913760.0
2024-06-10,296474771638.0
2024-05-29,166624988424.0
2024-07-01,235622572575.0
2024-06-24,387076969837.0
2024-07-09,364985395447.0
2024-07-15,285960438083.0
2024-07-28,176493158027.0
2024-07-23,126570452885.0
2024-05-21,266814379543.0
2024-07-03,276525204812.0
2024-05-25,285871993073.0
2024-05-28,176393151326.0
2024-05-26,285716786127.0
2024-06-26,375484301939.0
2024-05-16,335394191369.0
2024-07-01,145862528400.0
2024-05-14,335269171346.0
2024-07-27,204711649974.0
2024-06-15,326048801905.0
2024-08-01,375530904495.0
2024-07-18,134939686406.0
2024-06-06,196423592440.0
2024-07-24,365010259783.0
2024-07-18,176406119445.0
2024-07-23,256573212322.0
2024-06-12,196394798464.0
2024-05-18,166753991770.0
2024-07-24,355886367335.0
2024-07-10,395356595453.0
2024-05-27,326052574342.0
2024-08-02,255994274617.0
2024-06-25,326162809392.0
2024-05-29,315395800310.0
2024-06-11,226173847707.0
2024-07-01,256559360620.0
2024-06-18,166736698664.0
2024-07-22,335423385312.0
2024-07-01,364959278158.0
2024-06-19,395463729939.0
2024-07-20,404995443471.0
2024-07-20,186518006046.0
,
2024-07-31,285986075110.0
2024-05-14,196305471647.0
2024-05-31,226170199766.0
2024-05-24,186457453186.0
2024-06-06,175792491326.0
2024-08-04,186491002815.0
2024-05-31,226169584939.0
2024-08-01,142486736188.0
2024-07-24,305679217032.0
2024-07-14,405045101745.0
2024-05-27,126500714212.0
2024-06-10,276469467888.0
2024-06-18,364955272174.0
2024-05-14,391992805438.0
2024-07-17,126578146250.0
2024-05-16,145779535715.0
2024-05-25,285867374330.0
2024-05-29,386940875338.0
2024-08-04,175371423755.0
2024-05-28,387037838042.0
2024-05-22,266701510215.0
2024-07-15,285904270370.0
2024-07-26,204903030070.0
2024-07-02,226221975728.0
2024-06-25,296337379476.0
2024-06-30,176397297484.0
2024-05-21,326134049962.0
2024-07-14,296351800030.0
2024-06-08,126513014132.0
2024-05-12,266794080218.0
2024-07-14,116137436403.0
2024-05-31,296351768290.0
2024-07-02,156260091832.0
2024-05-16,326124466351.0
2024-07-13,156295309866.0
2024-07-25,235629264858.0
2024-05-10,235425852296.0
2024-08-02,395524848720.0
2024-06-29,195226374428.0
2024-07-21,285921854782.0
2024-06-17,204833299434.0
2024-06-24,126543715169.0
2024-06-22,156266986845.0
2024-07-21,235272764403.0
2024-05-24,355701306531.0
2024-07-01,355786764353.0
2024-06-13,203637115128.0
2024-05-21,226146847650.0
2024-05-22,256494305065.0
2024-07-26,285973173539.0
2024-06-23,375501120704.0
2024-07-01,126432798604.0
2024-07-26,166814532068.0
2024-06-07,276449874058.0
2024-06-22,226205728928.0
2024-06-30,204859291877.0
2024-06-27,186468938650.0
2024-07-03,305652824849.0
2024-07-29,375555896267.0
2024-06-14,116207341647.0
,
2024-07-16,315508123406.0
2024-07-13,276548956419.0
2024-06-22,387105647797.0
2024-06-22,166828999419.0
2024-06-20,116223884511.0
2024-06-18,186497701358.0
2024-06-12,405029099133.0
2024-06-12,405029100694.0
2024-05-16,115979328928.0
2024-05-18,186444468498.0
2024-05-15,235563641960.0
2024-05-07,305550923141.0
2024-06-01,176397225588.0
2024-06-27,166828084465.0
2024-07-03,166847179599.0
2024-06-22,266859948252.0
2024-06-05,326147640702.0
2024-06-25,296524661571.0
2024-06-21,166828084034.0
2024-05-18,335311718922.0
2024-07-24,176486340980.0
2024-06-17,126531077764.0
2024-05-30,186464128982.0
2024-05-11,266806532267.0
2024-07-20,395528846658.0
2024-06-25,296527687538.0
2024-07-23,335491970121.0
2024-07-04,266887036064.0
2024-06-10,226180673132.0
2024-05-11,135050910217.0
2024-07-02,266858990498.0
2024-07-24,395528848764.0
2024-07-05,335443355013.0
2024-07-30,315562866137.0
2024-06-16,176427204064.0
2024-06-22,176428006750.0
2024-05-07,276450515156.0
2024-05-22,335399313172.0
2024-05-12,156192455585.0
2024-07-27,166870293473.0
2024-07-02,256528101500.0
2024-07-25,226243417320.0
2024-07-08,285948937738.0
2024-05-21,335391137388.0
2024-07-02,276486652077.0
2024-08-02,196536006503.0
2024-07-18,256572204996.0
2024-07-13,285782616902.0
2024-07-16,156303278513.0
2024-05-19,126465276861.0
2024-05-18,276437956996.0
2024-05-19,335399318118.0
2024-07-31,296601297037.0
2024-07-16,326186591373.0
2024-06-01,166778650629.0
2024-05-01,176322257108.0
2024-07-30,315610979590.0
2024-07-26,204907552456.0
2024-07-17,185822150022.0
2024-08-02,394730022138.0
